,City,Afghan Restaurant,African Restaurant,Airport,American Restaurant,Antique Shop,Aquarium,Arcade,Arepa Restaurant,Argentinian Restaurant,Art Gallery,Art Museum,Arts & Crafts Store,Asian Restaurant,Athletics & Sports,Australian Restaurant,Auto Dealership,Auto Garage,Automotive Shop,BBQ Joint,Bagel Shop,Bakery,Bank,Bar,Basketball Court,Beach,Bed & Breakfast,Beer Bar,Beer Garden,Beer Store,Belgian Restaurant,Bike Rental / Bike Share,Bike Shop,Bike Trail,Bistro,Boat or Ferry,Bookstore,Botanical Garden,Boutique,Bowling Alley,Boxing Gym,Brasserie,Brazilian Restaurant,Breakfast Spot,Brewery,Bridge,Bubble Tea Shop,Buffet,Burger Joint,Burrito Place,Bus Line,Bus Station,Bus Stop,Business Service,Butcher,Cafeteria,Café,Campground,Canal,Canal Lock,Candy Store,Cantonese Restaurant,Caribbean Restaurant,Carpet Store,Casino,Castle,Caucasian Restaurant,Chaat Place,Champagne Bar,Cheese Shop,Chinese Restaurant,Chocolate Shop,Church,Circus School,Climbing Gym,Clothing Store,Club House,Cocktail Bar,Coffee Shop,College Arts Building,College Cafeteria,College Football Field,College Gym,College Library,College Quad,College Rec Center,Comedy Club,Comfort Food Restaurant,Comic Shop,Community Center,Community College,Concert Hall,Construction & Landscaping,Convenience Store,Convention Center,Cosmetics Shop,Coworking Space,Creperie,Cricket Ground,Cuban Restaurant,Cupcake Shop,Cycle Studio,Dance Studio,Deli / Bodega,Department Store,Dessert Shop,Dim Sum Restaurant,Diner,Discount Store,Doner Restaurant,Donut Shop,Dumpling Restaurant,Eastern European Restaurant,Electronics Store,Empanada Restaurant,English Restaurant,Ethiopian Restaurant,Event Space,Exhibit,Factory,Falafel Restaurant,Farm,Farmers Market,Fast Food Restaurant,Field,Filipino Restaurant,Film Studio,Fish & Chips Shop,Fish Market,Flea Market,Flower Shop,Food,Food & Drink Shop,Food Court,Food Stand,Food Truck,Forest,Fountain,Fraternity House,French Restaurant,Fried Chicken Joint,Fruit & Vegetable Store,Furniture / Home Store,Gaming Cafe,Garden,Garden Center,Gas Station,Gastropub,Gay Bar,General Entertainment,Gift Shop,Go Kart Track,Golf Course,Golf Driving Range,Gourmet Shop,Greek Restaurant,Grocery Store,Gym,Gym / Fitness Center,Gym Pool,Gymnastics Gym,Halal Restaurant,Harbor / Marina,Hardware Store,Health & Beauty Service,Health Food Store,Hill,Historic Site,History Museum,Hobby Shop,Hockey Arena,Hockey Field,Home Service,Hookah Bar,Hostel,Hot Dog Joint,Hotel,Hotel Bar,IT Services,Ice Cream Shop,Indian Restaurant,Indie Movie Theater,Indie Theater,Indonesian Restaurant,Indoor Play Area,Italian Restaurant,Japanese Curry Restaurant,Japanese Restaurant,Jazz Club,Jewelry Store,Jewish Restaurant,Juice Bar,Kebab Restaurant,Kitchen Supply Store,Korean Restaurant,Lake,Latin American Restaurant,Lebanese Restaurant,Library,Light Rail Station,Lighthouse,Lingerie Store,Liquor Store,Locksmith,Lounge,Malay Restaurant,Market,Massage Studio,Mediterranean Restaurant,Men's Store,Mexican Restaurant,Middle Eastern Restaurant,Mini Golf,Miscellaneous Shop,Modern European Restaurant,Molecular Gastronomy Restaurant,Monument / Landmark,Moroccan Restaurant,Movie Theater,Moving Target,Multiplex,Museum,Music Store,Music Venue,Nail Salon,National Park,Nature Preserve,Night Market,Nightclub,Noodle House,North Indian Restaurant,Observatory,Office,Okonomiyaki Restaurant,Opera House,Optical Shop,Organic Grocery,Other Great Outdoors,Outdoor Sculpture,Outdoor Supply Store,Outlet Mall,Outlet Store,Paella Restaurant,Paintball Field,Pakistani Restaurant,Palace,Paper / Office Supplies Store,Park,Parking,Pastry Shop,Pedestrian Plaza,Performing Arts Venue,Persian Restaurant,Peruvian Restaurant,Pet Café,Pet Store,Pharmacy,Pie Shop,Pier,Pizza Place,Platform,Playground,Plaza,Pool,Pool Hall,Portuguese Restaurant,Post Office,Print Shop,Pub,Public Art,Public Bathroom,Racecourse,Racetrack,Ramen Restaurant,Record Shop,Recording Studio,Recreation Center,Rental Car Location,Rental Service,Reservoir,Rest Area,Restaurant,River,Road,Rock Climbing Spot,Rock Club,Roof Deck,Rugby Pitch,Rugby Stadium,Russian Restaurant,Salon / Barbershop,Sandwich Place,Scandinavian Restaurant,Scenic Lookout,Science Museum,Scottish Restaurant,Sculpture Garden,Seafood Restaurant,Shoe Store,Shopping Mall,Shopping Plaza,Skate Park,Ski Area,Smoke Shop,Smoothie Shop,Snack Place,Soccer Field,Soccer Stadium,Social Club,South American Restaurant,Souvenir Shop,Souvlaki Shop,Spa,Spanish Restaurant,Speakeasy,Sporting Goods Shop,Sports Bar,Sports Club,Stadium,Stationery Store,Steakhouse,Storage Facility,Street Art,Street Food Gathering,Student Center,Supermarket,Sushi Restaurant,Taco Place,Taiwanese Restaurant,Tanning Salon,Tapas Restaurant,Tea Room,Tennis Court,Tennis Stadium,Thai Restaurant,Theater,Theme Park,Theme Park Ride / Attraction,Theme Restaurant,Thrift / Vintage Store,Tourist Information Center,Toy / Game Store,Track,Track Stadium,Trail,Train Station,Tram Station,Tree,Tunnel,Turkish Restaurant,Udon Restaurant,Unnamed: 0.1,Vegetarian / Vegan Restaurant,Video Game Store,Vietnamese Restaurant,Warehouse Store,Water Park,Waterfront,Whisky Bar,Wine Bar,Wine Shop,Wings Joint,Women's Store,Xinjiang Restaurant,Yoga Studio,Zoo,Zoo Exhibit
0,University of Oxford,,,,,,,,,,0.003584229390681004,,0.003584229390681004,0.003584229390681004,,,,,,,,0.025089605734767026,,0.010752688172043013,,,,0.003584229390681004,,,,,,,,,0.007168458781362006,0.003584229390681004,,0.003584229390681004,,,0.003584229390681004,,0.003584229390681004,0.003584229390681004,,,0.010752688172043013,0.003584229390681004,,0.003584229390681004,0.010752688172043013,,,,0.03942652329749104,0.007168458781362006,0.003584229390681004,0.010752688172043013,,,0.007168458781362006,,,,,,,,0.025089605734767026,,0.003584229390681004,,,,,0.014336917562724013,0.03942652329749104,,,,0.003584229390681004,,,,,,,,,0.003584229390681004,,0.003584229390681004,,,,,,,,,,0.010752688172043013,0.003584229390681004,0.003584229390681004,,,,,,,0.003584229390681004,0.003584229390681004,,0.007168458781362006,,,,,,,,0.003584229390681004,0.003584229390681004,,,,,,,,,,,,,,,0.007168458781362006,,,0.003584229390681004,0.003584229390681004,,0.003584229390681004,,0.007168458781362006,,,0.003584229390681004,,0.003584229390681004,,,0.007168458781362006,0.04659498207885305,0.007168458781362006,0.014336917562724013,,,,,,,,,,0.010752688172043013,,,,,0.003584229390681004,0.003584229390681004,,0.053763440860215055,,0.003584229390681004,0.014336917562724013,0.010752688172043013,,,,,0.007168458781362006,,0.003584229390681004,,,,0.003584229390681004,,,,,,,,,,,,,,,0.003584229390681004,,0.003584229390681004,,,0.003584229390681004,,,,,0.003584229390681004,0.003584229390681004,0.010752688172043013,,,0.003584229390681004,,,,,,,,0.003584229390681004,,,,,,0.003584229390681004,,,,0.003584229390681004,,,,,,,,0.028673835125448032,0.007168458781362006,,,,,,,,0.010752688172043013,,,0.017921146953405017,,,0.003584229390681004,0.007168458781362006,,0.007168458781362006,,,0.15053763440860216,,,,,,0.003584229390681004,,,0.003584229390681004,,,,0.025089605734767026,0.003584229390681004,,,,0.007168458781362006,,,,,0.021505376344086027,,,0.003584229390681004,,0.003584229390681004,0.003584229390681004,,0.003584229390681004,,,,,,,,0.010752688172043013,,,,,,0.003584229390681004,,0.003584229390681004,,0.003584229390681004,,0.003584229390681004,0.007168458781362006,,,,,0.028673835125448032,0.010752688172043013,,,,0.007168458781362006,,0.003584229390681004,,0.010752688172043013,,,,,,,,,,0.003584229390681004,0.003584229390681004,,,,0.007168458781362006,,0,0.003584229390681004,,,0.003584229390681004,,,,,0.003584229390681004,,,,,,
1,University of Southampton,,,0.0031847133757961785,0.006369426751592357,,,,,,,,,0.006369426751592357,0.0031847133757961785,,,0.0031847133757961785,0.0031847133757961785,,,0.0031847133757961785,,0.022292993630573247,,0.0031847133757961785,,0.006369426751592357,,,,,,,0.0031847133757961785,,0.01592356687898089,,,0.006369426751592357,,,,0.0031847133757961785,0.006369426751592357,,,,0.0031847133757961785,0.0031847133757961785,,0.0031847133757961785,0.0031847133757961785,,,,0.022292993630573247,,,,,,0.0031847133757961785,,,,,,,,0.006369426751592357,0.0031847133757961785,,,,0.01592356687898089,,,0.07006369426751592,,,,,,,,,0.0031847133757961785,,,,0.0031847133757961785,,0.006369426751592357,,,,0.0031847133757961785,0.0031847133757961785,,,,,,0.0031847133757961785,0.0031847133757961785,,,0.006369426751592357,,,,,0.0031847133757961785,,0.0031847133757961785,,0.0031847133757961785,,,,,,0.03821656050955414,,,,0.0031847133757961785,,,,,0.0031847133757961785,0.0031847133757961785,,,,,,,,,0.0031847133757961785,,,0.0031847133757961785,0.006369426751592357,0.01592356687898089,0.006369426751592357,,,0.0031847133757961785,0.012738853503184714,,,,0.1305732484076433,0.0031847133757961785,0.009554140127388536,,,,,0.009554140127388536,,,,,0.0031847133757961785,,,,,0.0031847133757961785,,,0.025477707006369428,,,0.009554140127388536,0.01910828025477707,0.0031847133757961785,,,,0.022292993630573247,,,0.0031847133757961785,,,,,,,0.0031847133757961785,,,,,,,0.0031847133757961785,0.0031847133757961785,,,,,,,0.006369426751592357,,,,,,,,0.009554140127388536,,,,,0.0031847133757961785,,,,,0.0031847133757961785,,,,,,,,,,,0.0031847133757961785,,,,,,,,0.03184713375796178,,,,0.0031847133757961785,,,,0.0031847133757961785,0.022292993630573247,,,0.028662420382165606,0.006369426751592357,,,,,0.0031847133757961785,,,0.11146496815286623,,,,,,,,,,,,,0.009554140127388536,,,,0.006369426751592357,,0.0031847133757961785,,,,0.01910828025477707,,,,,,,,0.0031847133757961785,,,,,,,0.0031847133757961785,0.009554140127388536,,,,,,,,,,,,0.0031847133757961785,,,,,,0.041401273885350316,,,,,0.006369426751592357,0.0031847133757961785,0.0031847133757961785,,0.0031847133757961785,0.009554140127388536,,,,,,,,,,0.006369426751592357,,,,0.0031847133757961785,,1,,0.0031847133757961785,,0.006369426751592357,,,,,,,,,,,
2,University of Sussex,,,,,,,,,,0.014388489208633094,,,,,,,,,,,0.02158273381294964,,0.014388489208633094,0.007194244604316547,,,0.007194244604316547,,,,,,,0.007194244604316547,,,,,,,,,,,,,,0.007194244604316547,0.007194244604316547,,,0.014388489208633094,0.007194244604316547,,,0.09352517985611512,0.007194244604316547,,,,,,,,,,,,,,,,,,0.014388489208633094,,0.007194244604316547,0.09352517985611512,,,,,,,,,,0.007194244604316547,,0.007194244604316547,,,0.007194244604316547,,,,,,,,,,,,,,,,,,,,,,0.02158273381294964,,,,,0.007194244604316547,0.007194244604316547,,,,,,0.014388489208633094,,0.007194244604316547,,,,,,0.007194244604316547,,,,,,,,,,0.014388489208633094,,0.02158273381294964,0.007194244604316547,,,,0.007194244604316547,,,,0.03597122302158273,,0.02877697841726619,,,,,,,0.007194244604316547,,,,,,,,,,,0.007194244604316547,,,,0.02158273381294964,0.014388489208633094,,,,0.007194244604316547,,,,,,,,,,,,,0.007194244604316547,,,,,,,,0.007194244604316547,,,,0.007194244604316547,,,,,,,,,,,0.007194244604316547,0.007194244604316547,0.007194244604316547,,0.007194244604316547,0.007194244604316547,,0.007194244604316547,,,,,,,,,,,,,,,,,,,0.06474820143884892,,,,0.007194244604316547,,,,0.007194244604316547,,,,0.02158273381294964,0.007194244604316547,,,,,,,,0.1079136690647482,,,0.007194244604316547,,,0.007194244604316547,,,,,,,0.007194244604316547,,,,,,,,,,0.007194244604316547,,0.007194244604316547,,,,,,,,0.007194244604316547,,,,,,0.014388489208633094,,,,,,,,0.007194244604316547,,,,,0.007194244604316547,,,,,0.007194244604316547,,,,,0.014388489208633094,,,,,,,,,,,,,0.007194244604316547,,0.014388489208633094,,,,,,2,0.007194244604316547,,,,,,,0.007194244604316547,,0.007194244604316547,,,,,
3,University of Reading,,,,,,,,,,,,0.003448275862068965,0.006896551724137931,,,0.003448275862068965,0.003448275862068965,,,,0.006896551724137931,0.003448275862068965,0.02413793103448276,,,,0.003448275862068965,,,,,,,,,0.003448275862068965,,,,,,0.003448275862068965,,,0.003448275862068965,,,0.006896551724137931,0.003448275862068965,,,0.006896551724137931,,,,0.027586206896551724,,,,,,,0.003448275862068965,0.003448275862068965,,,,,0.003448275862068965,0.010344827586206895,0.003448275862068965,,,0.003448275862068965,0.027586206896551724,,0.003448275862068965,0.04827586206896552,,0.003448275862068965,,,,,,,,,,,,,0.003448275862068965,,,,,0.003448275862068965,,,,,,0.003448275862068965,,,,0.010344827586206895,0.003448275862068965,0.003448275862068965,,,0.010344827586206895,,0.006896551724137931,,,,,,,0.003448275862068965,0.013793103448275862,,,,0.006896551724137931,,,,,0.006896551724137931,0.006896551724137931,,,,,,0.006896551724137931,,,,,0.006896551724137931,0.013793103448275862,0.003448275862068965,0.03448275862068965,,,,0.003448275862068965,0.003448275862068965,,,,0.05517241379310345,0.017241379310344827,0.02413793103448276,,,,,0.003448275862068965,0.003448275862068965,,,0.003448275862068965,,,,,,,,,0.04137931034482759,0.003448275862068965,,,0.0206896551724138,,,,0.010344827586206895,0.006896551724137931,,,,,,0.003448275862068965,0.003448275862068965,,0.003448275862068965,,0.003448275862068965,0.003448275862068965,,,,,,,,,,,,,,0.003448275862068965,,,,,,,,,0.003448275862068965,0.006896551724137931,,0.003448275862068965,,,,,0.003448275862068965,,,,0.003448275862068965,,,,,,,,,,,,,,,0.02413793103448276,,,0.003448275862068965,0.003448275862068965,,,,0.010344827586206895,0.017241379310344827,0.003448275862068965,,0.010344827586206895,,0.003448275862068965,0.003448275862068965,,,0.010344827586206895,,,0.1206896551724138,,,,,,,,,,,,,0.02413793103448276,0.003448275862068965,,,,,0.003448275862068965,,,,0.017241379310344827,,0.003448275862068965,,,,,,0.006896551724137931,,,0.003448275862068965,,,,0.003448275862068965,0.003448275862068965,,,,,0.003448275862068965,,,0.003448275862068965,,,,0.003448275862068965,0.006896551724137931,,,,,0.04137931034482759,,,,,0.003448275862068965,0.003448275862068965,,,0.003448275862068965,0.006896551724137931,,,,,,0.006896551724137931,,0.003448275862068965,0.006896551724137931,0.006896551724137931,,,,,,3,,,,0.003448275862068965,0.003448275862068965,,,0.003448275862068965,,,,,0.003448275862068965,,
4,University of Cambridge,,,,0.012605042016806723,,,,,,0.004201680672268907,,0.004201680672268907,0.004201680672268907,,,,0.008403361344537815,,,,0.012605042016806723,,0.02100840336134454,,,0.004201680672268907,0.004201680672268907,0.008403361344537815,,,,,,,,0.008403361344537815,0.004201680672268907,,0.004201680672268907,,,,0.004201680672268907,0.004201680672268907,,,0.004201680672268907,0.025210084033613446,,,0.008403361344537815,,,,,0.050420168067226885,,,,0.004201680672268907,,,,,,,,,,0.012605042016806723,,,,,0.004201680672268907,,,0.0546218487394958,,0.004201680672268907,,,,,,,,,,,,,0.004201680672268907,,0.004201680672268907,,0.004201680672268907,,,,,,0.012605042016806723,0.008403361344537815,,,,,,,0.004201680672268907,,0.004201680672268907,,0.008403361344537815,,,,,,,,0.008403361344537815,0.004201680672268907,,,0.004201680672268907,,,,,0.004201680672268907,,,,,,,0.004201680672268907,,,0.004201680672268907,,,0.008403361344537815,,0.029411764705882363,,,,,0.004201680672268907,,,,0.04621848739495799,0.01680672268907563,0.025210084033613446,0.004201680672268907,,,,0.004201680672268907,,,,,0.004201680672268907,,,,,,,,0.04201680672268908,,,0.004201680672268907,0.01680672268907563,0.004201680672268907,,,,0.008403361344537815,,,,,,,,,,,0.004201680672268907,,,,,,,,0.004201680672268907,,0.004201680672268907,,,,0.004201680672268907,,,,,,,,,,0.004201680672268907,0.008403361344537815,,,,,,,,,,,0.004201680672268907,,,,,,,,,,,,,,,0.02100840336134454,,,,0.008403361344537815,,,,,0.004201680672268907,,,0.012605042016806723,,,,0.004201680672268907,,0.012605042016806723,,,0.1638655462184874,,,,,,0.004201680672268907,,,,,,,0.03361344537815126,,,,,0.004201680672268907,,,,,0.008403361344537815,,0.004201680672268907,0.008403361344537815,,,0.004201680672268907,,0.004201680672268907,,,,,,,,0.008403361344537815,,,,,,,,,,,,,0.008403361344537815,,,,,0.025210084033613446,0.012605042016806723,,,,,,,,0.012605042016806723,0.004201680672268907,,,,,,,,,,0.004201680672268907,,0.004201680672268907,,,,4,0.004201680672268907,,,,,,,,0.008403361344537815,,,,,,
5,University of East Anglia,,,,0.005128205128205128,0.005128205128205128,,,,,,0.005128205128205128,,,,,,,,,,,,0.030769230769230767,,,,0.005128205128205128,,,0.005128205128205128,,,,0.005128205128205128,,0.015384615384615384,,,0.005128205128205128,,,,0.005128205128205128,0.005128205128205128,,,,,,,0.005128205128205128,,,,,0.04615384615384616,0.005128205128205128,,,,,,,,0.005128205128205128,,,,,0.010256410256410256,,,,,0.010256410256410256,,0.005128205128205128,0.05641025641025641,,,,,,,,,,,,,0.005128205128205128,,0.005128205128205128,,,,,,,,,,0.005128205128205128,0.010256410256410256,,,,0.010256410256410256,,,,,0.010256410256410256,,0.005128205128205128,,,,,0.005128205128205128,,,0.030769230769230767,,,,0.005128205128205128,,0.005128205128205128,,,0.005128205128205128,,,,,,,,,,0.010256410256410256,,0.005128205128205128,0.005128205128205128,0.005128205128205128,0.015384615384615384,,,,,0.010256410256410256,,,,0.04615384615384616,0.015384615384615384,0.02051282051282052,0.005128205128205128,,,,0.010256410256410256,,,,0.010256410256410256,,,,,,,,,0.035897435897435895,,,,0.015384615384615384,,,,,,,0.005128205128205128,,,,,,,,,,,,,,,,,,,0.005128205128205128,,,,,,,,,,,,0.005128205128205128,,0.005128205128205128,,,,,,,,0.005128205128205128,,,,,,,,,,,0.005128205128205128,,,,,,,,0.02564102564102564,,,,,,,,0.010256410256410256,0.010256410256410256,,,0.02051282051282052,,,,,,0.005128205128205128,0.005128205128205128,,0.18461538461538465,,,,,,,,,,,,0.005128205128205128,0.015384615384615384,,,,,,,,,,0.005128205128205128,,0.005128205128205128,,,,0.005128205128205128,,0.010256410256410256,0.005128205128205128,,,,,,0.005128205128205128,0.005128205128205128,,,,,,,,0.005128205128205128,,,,,0.010256410256410256,,,,,0.035897435897435895,,,,,,0.015384615384615384,,,0.005128205128205128,0.010256410256410256,,,,,,0.005128205128205128,,,,,,,,,,5,0.005128205128205128,,,0.005128205128205128,,,,,,,,,,,
6,University of Bristol,,,,,,,,,,0.012618296529968454,,0.003154574132492113,0.00946372239747634,0.003154574132492113,,,,,0.003154574132492113,,0.01892744479495268,,0.05993690851735016,,,,0.00946372239747634,,,,,,,0.003154574132492113,,0.006309148264984227,,,,,0.003154574132492113,,0.003154574132492113,0.003154574132492113,0.003154574132492113,,,0.0220820189274448,,,,,,,,0.06624605678233439,,,,,,0.003154574132492113,,,,,,,,,,,,0.006309148264984227,0.003154574132492113,,0.00946372239747634,0.05362776025236593,,,,,,,,,,,0.003154574132492113,,0.003154574132492113,0.003154574132492113,,,0.003154574132492113,,,0.003154574132492113,,,,,0.006309148264984227,0.003154574132492113,,,,0.003154574132492113,,0.003154574132492113,,,0.003154574132492113,,0.006309148264984227,,,,,0.012618296529968454,0.006309148264984227,,0.006309148264984227,,,,0.00946372239747634,,,,0.003154574132492113,,,,,0.003154574132492113,,,0.00946372239747634,,,,,,0.006309148264984227,,0.00946372239747634,,,,,,,,0.006309148264984227,0.03470031545741325,0.006309148264984227,0.01577287066246057,,,,,,,,,,0.003154574132492113,0.003154574132492113,,,,0.003154574132492113,,,0.006309148264984227,,,0.003154574132492113,0.0220820189274448,0.006309148264984227,,,,0.01892744479495268,,0.003154574132492113,0.003154574132492113,,,,,,0.003154574132492113,,,,,,,,,,0.00946372239747634,,0.006309148264984227,,0.003154574132492113,,0.003154574132492113,0.00946372239747634,,,,,,,0.006309148264984227,,0.003154574132492113,,0.003154574132492113,0.00946372239747634,,,,,,,,0.003154574132492113,,,,,,,,,,,,,,,,0.05678233438485805,,,,,,,,,,0.006309148264984227,,0.0220820189274448,,,0.00946372239747634,,,0.003154574132492113,,,0.15457413249211358,,,,,,0.003154574132492113,,,,,,,0.025236593059936908,,,,,,,,,,0.003154574132492113,,0.006309148264984227,,,,0.003154574132492113,,0.003154574132492113,,,,,,,0.003154574132492113,0.003154574132492113,,,,,0.003154574132492113,,,,,,,,0.00946372239747634,,0.006309148264984227,,,0.012618296529968454,0.003154574132492113,,,,0.00946372239747634,,,,0.01577287066246057,0.00946372239747634,,,,,0.003154574132492113,,,,,0.003154574132492113,,,,,,6,0.003154574132492113,,0.003154574132492113,,,0.003154574132492113,,,,,,,,0.003154574132492113,
7,University of Exeter,,,,0.007299270072992701,,,,,,,,,0.007299270072992701,,,,,,,,0.021897810218978103,,0.0291970802919708,,,,,,,,,,0.007299270072992701,,,0.021897810218978103,,,,,,,0.0145985401459854,,,,,,,0.007299270072992701,,0.007299270072992701,0.007299270072992701,,,0.0583941605839416,,,,,,,,,,,,,0.007299270072992701,,,,,0.007299270072992701,,,,0.08029197080291971,,,,,,,,,,,,,,0.007299270072992701,0.007299270072992701,,,,,0.007299270072992701,,,,,0.007299270072992701,,,,0.007299270072992701,,,0.007299270072992701,,,0.0145985401459854,,0.021897810218978103,,,,,,,,0.0145985401459854,,,,,,,0.007299270072992701,0.007299270072992701,,,,,,,,0.007299270072992701,,,0.021897810218978103,,,,,0.007299270072992701,,,,,0.007299270072992701,,0.007299270072992701,,0.021897810218978103,,0.007299270072992701,,,,,0.0145985401459854,,,,,,,,,0.007299270072992701,,,,0.043795620437956206,,,,0.007299270072992701,0.007299270072992701,,,,0.007299270072992701,,,,,,,,,,,,,,,,,,,,,,,,,0.007299270072992701,,,,,,,,,,,0.0145985401459854,,0.007299270072992701,,,,,0.007299270072992701,,,,,,,0.007299270072992701,,,,,,,,0.007299270072992701,,,,0.007299270072992701,,,,,,,,0.007299270072992701,0.007299270072992701,,,0.007299270072992701,,,0.007299270072992701,,,0.0145985401459854,0.007299270072992701,,0.15328467153284672,,0.007299270072992701,,,,,,,,,,,0.0145985401459854,,,,,,,0.007299270072992701,,,0.021897810218978103,,,,,,,,,,,,0.007299270072992701,,,,,,0.007299270072992701,,,0.007299270072992701,,,,,,,,,,,,,0.043795620437956206,,,,,,0.007299270072992701,,,,0.007299270072992701,,,,,,,,,,0.0145985401459854,0.007299270072992701,,,,,7,0.0145985401459854,,,0.007299270072992701,,,,,,,,,,,
8,University of Bath,,,,,,,,,,,,,,,,,,,0.00558659217877095,0.00558659217877095,0.00558659217877095,,0.027932960893854747,,,0.01675977653631285,,,0.00558659217877095,,,,0.00558659217877095,,,0.01675977653631285,0.00558659217877095,,,,,,,0.00558659217877095,,,,0.00558659217877095,,,0.00558659217877095,,,,0.00558659217877095,0.05586592178770949,,0.01675977653631285,,,,0.00558659217877095,,,,,,,,,,,,,,,0.01675977653631285,0.027932960893854747,,0.00558659217877095,,,,,,,,,,,,0.00558659217877095,,,,,,,,,,,0.01675977653631285,,,,,,,,,,0.00558659217877095,,0.00558659217877095,,,,,,0.00558659217877095,0.00558659217877095,0.00558659217877095,,,,0.0111731843575419,,,,,0.0111731843575419,,,,,,,0.00558659217877095,,,,,0.00558659217877095,0.0111731843575419,0.0111731843575419,0.05027932960893855,,,,,0.00558659217877095,,,0.00558659217877095,0.05027932960893855,,0.00558659217877095,0.00558659217877095,,,0.00558659217877095,0.00558659217877095,,,0.00558659217877095,0.0111731843575419,0.01675977653631285,,,,,,0.00558659217877095,,0.08379888268156424,,,,0.0111731843575419,,,,,0.00558659217877095,,0.00558659217877095,,,,0.00558659217877095,,0.00558659217877095,,,,,,,,,,,,,,,,,,,,,,,,,0.00558659217877095,,,0.0111731843575419,,,,,,,,,,,,,,,,,,,,,,,,,,0.03910614525139665,,,,,,,,,0.00558659217877095,,,0.01675977653631285,,0.00558659217877095,0.0111731843575419,,,,,,0.09497206703910614,,,,,,,,,,,,,0.0223463687150838,0.00558659217877095,,,,,,0.00558659217877095,,,0.00558659217877095,,,,,,0.00558659217877095,,0.00558659217877095,,,,,0.00558659217877095,,0.00558659217877095,,,,,,,,,,,0.00558659217877095,,,0.00558659217877095,,,,,0.0223463687150838,,,,,0.0111731843575419,0.00558659217877095,,,,0.01675977653631285,,,,,0.00558659217877095,,,,0.00558659217877095,0.01675977653631285,,,,,,8,0.0111731843575419,,,,,,,,,,,,,,
9,University of Warwick,,,0.004784688995215311,,,,,,,,0.004784688995215311,0.004784688995215311,0.009569377990430622,0.004784688995215311,,,,,0.004784688995215311,0.004784688995215311,0.004784688995215311,,0.019138755980861243,,,,,,0.004784688995215311,,,,,,,0.009569377990430622,,,,,,,,0.004784688995215311,,,,,,,,0.004784688995215311,,,,0.062200956937799035,0.004784688995215311,,,,,,,,0.004784688995215311,,,,,0.019138755980861243,,,,,0.004784688995215311,,0.009569377990430622,0.07177033492822966,,0.004784688995215311,0.004784688995215311,0.004784688995215311,,0.004784688995215311,,,,,,,,,0.014354066985645932,0.004784688995215311,,,,,,,,,,0.004784688995215311,,,,0.004784688995215311,,,,,,,0.004784688995215311,,0.014354066985645932,,,,,,0.014354066985645932,,,,,,,,,,,,,,,,,,,0.009569377990430622,,,0.004784688995215311,,0.009569377990430622,,0.004784688995215311,,,0.004784688995215311,,,0.004784688995215311,0.03349282296650718,0.009569377990430622,0.019138755980861243,,,,,,,,,,,,,,,,,,0.0430622009569378,,,0.004784688995215311,0.05263157894736842,,,,,0.019138755980861243,,,,,,,,,,,0.004784688995215311,0.004784688995215311,,,,,,,0.004784688995215311,,0.004784688995215311,0.004784688995215311,0.004784688995215311,,,0.009569377990430622,,,,,,,0.004784688995215311,,,0.009569377990430622,,,,,,,0.004784688995215311,0.004784688995215311,,,,,,,,,,0.004784688995215311,,,,,,,,0.03349282296650718,,,,,0.004784688995215311,,,0.009569377990430622,0.014354066985645932,,,0.019138755980861243,,,,,,0.004784688995215311,,,0.12440191387559807,,,,,,,,,,,,,0.019138755980861243,,,,,,0.004784688995215311,,,,0.02870813397129187,,,,,,0.004784688995215311,,,0.004784688995215311,,,,,,,,,,,,,,,,,,,,0.004784688995215311,,,,0.004784688995215311,0.03827751196172249,,,,,,0.009569377990430622,,,0.014354066985645932,0.009569377990430622,,,,,,,,,,0.004784688995215311,,,,,,9,,,,0.009569377990430622,,,,,,,,,,,
10,University of Birmingham,,,,0.008086253369272238,,0.0026954177897574125,,,0.0026954177897574125,0.005390835579514825,,,0.008086253369272238,,,,0.0026954177897574125,,,,0.01078167115902965,,0.04043126684636118,,,,0.005390835579514825,,0.0026954177897574125,,,,,,,,0.0026954177897574125,0.0026954177897574125,0.0026954177897574125,,,0.0026954177897574125,0.0026954177897574125,0.0026954177897574125,,,,0.008086253369272238,,,,,,,,0.03234501347708895,,0.0026954177897574125,,0.0026954177897574125,0.0026954177897574125,0.0026954177897574125,,0.0026954177897574125,,,,,,0.005390835579514825,,,,,0.01078167115902965,,0.013477088948787064,0.07008086253369272,,,,,,,,,,,,,0.005390835579514825,,0.005390835579514825,,0.0026954177897574125,0.0026954177897574125,,0.0026954177897574125,,,,,0.005390835579514825,0.0026954177897574125,0.0026954177897574125,,,0.008086253369272238,,0.0026954177897574125,,,0.0026954177897574125,,0.005390835579514825,,,,,,,,0.029649595687331536,,,,0.008086253369272238,,,,,,,,,,,,0.0026954177897574125,0.0026954177897574125,,0.0026954177897574125,0.0026954177897574125,0.0026954177897574125,,0.0026954177897574125,0.005390835579514825,0.0026954177897574125,,,,0.0026954177897574125,,,,0.048517520215633415,0.005390835579514825,0.018867924528301886,,,,0.0026954177897574125,0.0026954177897574125,,,,,0.008086253369272238,,,,,0.005390835579514825,,,0.026954177897574125,,,,0.05929919137466307,0.008086253369272238,,,,0.016172506738544475,,0.0026954177897574125,,,,0.0026954177897574125,,,,,,,,,,,,,,,,,,,0.0026954177897574125,0.018867924528301886,0.0026954177897574125,,,,,0.005390835579514825,0.0026954177897574125,,0.0026954177897574125,,,0.008086253369272238,,,,,,0.0026954177897574125,,,,,,,,,,,,,,,0.005390835579514825,,,0.04582210242587601,,,0.0026954177897574125,0.0026954177897574125,,,,,0.013477088948787064,,,0.016172506738544475,,,0.005390835579514825,,,0.0026954177897574125,0.005390835579514825,,0.09703504043126683,,,,,,0.0026954177897574125,,,,,0.0026954177897574125,,0.024258760107816708,0.0026954177897574125,,,,,,0.0026954177897574125,,,0.029649595687331536,,,,,,,,0.008086253369272238,0.005390835579514825,,,,,,,,,0.0026954177897574125,,,,,,,,,,,0.0026954177897574125,,,0.0026954177897574125,,0.029649595687331536,,,,,0.005390835579514825,0.0026954177897574125,,,0.0026954177897574125,0.008086253369272238,0.0026954177897574125,,,,,,,,0.005390835579514825,0.005390835579514825,,,,0.005390835579514825,,0,0.005390835579514825,0.0026954177897574125,0.0026954177897574125,0.0026954177897574125,,,,,0.008086253369272238,,,,,0.0026954177897574125,
11,Keele University,,,,,,,,,,,,,,,,,,,,,,,0.03787878787878788,,,,,,,,,,,,,0.015151515151515154,,,,,,,,,,,,0.007575757575757577,,,,0.030303030303030307,,,,0.007575757575757577,,,,,,,,,,,,,,,,,,,0.030303030303030307,,,0.08333333333333333,,,,0.007575757575757577,,,,,,,,,,0.007575757575757577,0.015151515151515154,,,,,,,,,,,0.007575757575757577,,,,0.015151515151515154,,0.007575757575757577,,,,,0.007575757575757577,,0.007575757575757577,,0.007575757575757577,,,,0.030303030303030307,,,,0.007575757575757577,,,,0.007575757575757577,,,,,,,,,,,0.030303030303030307,,,0.007575757575757577,,0.030303030303030307,,,,,,,,,0.08333333333333333,0.007575757575757577,0.007575757575757577,,,,,0.007575757575757577,,,,,,,,,,,,,0.022727272727272728,,,,0.015151515151515154,,,,,,,0.007575757575757577,,,,,,,,,,,,,,,,,0.007575757575757577,,,,,,,,,,,,,,0.007575757575757577,,,,,,,,,,,,,,,,,,,,,,,,,,,,,0.022727272727272728,,,,,,,,,0.015151515151515154,,,0.022727272727272728,,,,,,,,,0.10606060606060606,,,,,,,,,,0.007575757575757577,,0.007575757575757577,0.022727272727272728,,,,,,,,,,0.030303030303030307,,,,,,,,,0.007575757575757577,,,,,,0.007575757575757577,0.007575757575757577,,,,,,,,,,0.007575757575757577,,0.007575757575757577,,,,,0.015151515151515154,0.06818181818181818,,,,,,0.007575757575757577,,,0.007575757575757577,0.007575757575757577,,,,,,,0.007575757575757577,,0.015151515151515154,,,,,,,1,,,,0.015151515151515154,0.007575757575757577,,,,,,,,,,
12,Coventry University,,,0.0038314176245210726,0.007662835249042145,0.0038314176245210726,,,,,,0.0038314176245210726,0.0038314176245210726,0.019157088122605363,,,,0.007662835249042145,,,0.0038314176245210726,0.0038314176245210726,,0.011494252873563218,,,,,,0.0038314176245210726,,,,,,,0.0038314176245210726,,,,,,,,0.0038314176245210726,,,,,,,,0.0038314176245210726,,,,0.03448275862068965,,,,,,,,0.0038314176245210726,,,,,,0.01532567049808429,,,,,0.01532567049808429,,,0.06130268199233716,,,,0.0038314176245210726,,0.0038314176245210726,,,,,,,,,0.03065134099616858,,,,,,,,,,,0.0038314176245210726,,,0.0038314176245210726,0.007662835249042145,,,,,0.0038314176245210726,,0.007662835249042145,,0.011494252873563218,,,,,,0.045977011494252866,,,,,,,,,,,,,,,,,,,0.01532567049808429,,,0.0038314176245210726,0.0038314176245210726,0.007662835249042145,0.0038314176245210726,0.0038314176245210726,,,,0.0038314176245210726,,0.0038314176245210726,0.038314176245210725,0.01532567049808429,0.02298850574712644,,,,,,,,,,,,,,,,,,0.045977011494252866,,,0.0038314176245210726,0.045977011494252866,,,,,0.011494252873563218,,,,,,,,,,,0.0038314176245210726,0.0038314176245210726,,,,,0.0038314176245210726,,0.0038314176245210726,,0.0038314176245210726,,,,0.0038314176245210726,0.007662835249042145,,,,,,,0.0038314176245210726,,,0.007662835249042145,,,,,0.0038314176245210726,,0.0038314176245210726,0.0038314176245210726,,,,,,,,,,0.0038314176245210726,,,,,,,,0.02681992337164751,,,,,0.0038314176245210726,,,0.0038314176245210726,0.01532567049808429,,,0.02681992337164751,,0.0038314176245210726,,,,0.0038314176245210726,,,0.10727969348659004,,,,,,,,,,,,,0.007662835249042145,,,,,,,,,,0.03448275862068965,,,,,,,,0.0038314176245210726,0.011494252873563218,,,,,,,0.0038314176245210726,,,,,,,,0.0038314176245210726,,,,0.0038314176245210726,0.0038314176245210726,,,,0.0038314176245210726,0.06130268199233716,,,,,,0.007662835249042145,,,0.007662835249042145,0.007662835249042145,,,,,,0.0038314176245210726,,,,,,,,0.007662835249042145,,2,0.0038314176245210726,0.0038314176245210726,,0.0038314176245210726,,,,,,,,,,,
13,University of Nottingham,,,,,,,,,,0.0029940119760479052,,,0.0059880239520958105,,,,0.0029940119760479052,,0.0029940119760479052,,0.0059880239520958105,,0.04790419161676647,0.0029940119760479052,,,0.0029940119760479052,,0.0059880239520958105,,,,,,,0.017964071856287425,,,,,,,0.0029940119760479052,0.0029940119760479052,,,,0.008982035928143712,,,,0.0029940119760479052,,,,0.026946107784431145,,0.0029940119760479052,,0.0029940119760479052,,0.0029940119760479052,,,,,,,,0.008982035928143712,,,,,0.0029940119760479052,,0.008982035928143712,0.06287425149700597,0.0029940119760479052,0.0059880239520958105,0.0029940119760479052,,,,,0.0029940119760479052,,,,,0.0059880239520958105,,0.0029940119760479052,0.0029940119760479052,0.0029940119760479052,,0.0029940119760479052,0.0029940119760479052,,,,,0.0059880239520958105,0.0029940119760479052,0.0029940119760479052,,0.0029940119760479052,0.008982035928143712,,0.0029940119760479052,,,,,0.0059880239520958105,,,,,,,,0.023952095808383242,,,,0.0059880239520958105,,0.0029940119760479052,,0.0029940119760479052,0.0029940119760479052,,,,,,0.0029940119760479052,0.008982035928143712,,,0.0029940119760479052,,0.0029940119760479052,0.0059880239520958105,0.008982035928143712,0.008982035928143712,,0.0029940119760479052,,,0.008982035928143712,,,0.0029940119760479052,0.0658682634730539,0.017964071856287425,0.026946107784431145,,,,,,,,,,0.0029940119760479052,0.0029940119760479052,,,,,0.0029940119760479052,,0.023952095808383242,,,0.0029940119760479052,0.026946107784431145,,,,,0.011976047904191616,,0.0029940119760479052,,,,,,,0.0029940119760479052,0.0029940119760479052,,,,,,,,,0.0059880239520958105,,,,,,0.0029940119760479052,0.0029940119760479052,,,,,,,0.008982035928143712,,,,,0.008982035928143712,,,0.0059880239520958105,,,0.0059880239520958105,,,,,,,,,,0.0059880239520958105,,,,,,,0.0029940119760479052,0.023952095808383242,,,,,,,0.0029940119760479052,,0.020958083832335328,,,0.01497005988023952,,,0.0059880239520958105,,,0.0029940119760479052,,,0.12574850299401194,,,,,,,,0.0029940119760479052,,,,0.0059880239520958105,0.008982035928143712,,,,0.0029940119760479052,,,,,,0.020958083832335328,,,,,,0.0059880239520958105,,,0.0029940119760479052,,,,,,,0.0029940119760479052,,,,,,,,,0.0029940119760479052,,,,0.0029940119760479052,,,,0.0029940119760479052,0.02994011976047904,,,,,0.011976047904191616,0.0029940119760479052,0.0029940119760479052,,0.008982035928143712,0.0029940119760479052,,,,,,0.0029940119760479052,,,,0.0029940119760479052,0.008982035928143712,,,0.0059880239520958105,,3,,,,0.0029940119760479052,,,,0.0029940119760479052,0.0029940119760479052,0.0029940119760479052,,,,,
14,University of Leicester,,,,0.0038759689922480615,,,,,,,,,0.0038759689922480615,0.0038759689922480615,,,,,,,,,0.03100775193798449,,,,0.0038759689922480615,,,,,,,,,0.007751937984496123,,,0.0038759689922480615,,,,0.0038759689922480615,,,,,0.015503875968992246,0.0038759689922480615,,,,,,,0.02325581395348837,,,,,,0.0038759689922480615,,,,,,0.0038759689922480615,,0.011627906976744186,0.0038759689922480615,,,,0.02325581395348837,,0.0038759689922480615,0.05426356589147287,,,,,,,,,,0.0038759689922480615,,,0.0038759689922480615,,0.0038759689922480615,,0.0038759689922480615,,,,,,,,0.0038759689922480615,0.007751937984496123,0.011627906976744186,,,0.0038759689922480615,,,,,0.0038759689922480615,,0.007751937984496123,,,,,,,,0.02325581395348837,,,,0.0038759689922480615,,,,,0.0038759689922480615,,,,,,,0.0038759689922480615,0.0038759689922480615,,0.007751937984496123,,0.007751937984496123,0.0038759689922480615,0.007751937984496123,0.007751937984496123,,,,,0.0038759689922480615,,,,0.07364341085271317,0.007751937984496123,0.01937984496124031,,,,,0.0038759689922480615,,,,,0.011627906976744186,,,,,,,,0.01937984496124031,,,0.011627906976744186,0.04263565891472868,,,,,0.011627906976744186,,0.0038759689922480615,,,,,,,,,0.0038759689922480615,,,,,,0.0038759689922480615,,0.0038759689922480615,,0.0038759689922480615,,,,0.0038759689922480615,0.0038759689922480615,,,,,,,0.011627906976744186,,,0.0038759689922480615,0.0038759689922480615,,,,,,0.0038759689922480615,,,,,,,,,,,,,,,,,,,0.050387596899224806,,,,,,,,0.0038759689922480615,0.0038759689922480615,,,0.03100775193798449,,,0.0038759689922480615,,,0.011627906976744186,,,0.08914728682170542,,,0.0038759689922480615,,,,,,,,,,0.015503875968992246,,,,,,,0.0038759689922480615,,,0.01937984496124031,,,0.007751937984496123,,,,,0.011627906976744186,0.011627906976744186,,,,0.0038759689922480615,,0.0038759689922480615,0.0038759689922480615,,,,,,0.0038759689922480615,,0.007751937984496123,0.0038759689922480615,,,0.0038759689922480615,0.0038759689922480615,,,,,0.050387596899224806,0.0038759689922480615,,,,,0.011627906976744186,0.007751937984496123,,,0.0038759689922480615,,,,,,,,,,0.0038759689922480615,,,,0.007751937984496123,,4,,,0.0038759689922480615,0.0038759689922480615,,,,0.0038759689922480615,,,0.0038759689922480615,,,,
15,Loughborough University,,,,,,,,,,,,,0.011627906976744186,,,,,,,,,,0.034883720930232565,,,,,0.011627906976744186,,,,,,0.011627906976744186,,0.011627906976744186,,,,,,,,,,,,,,,,,,,,0.034883720930232565,,,0.011627906976744186,,,,,,,,,,,,,,,,0.011627906976744186,,,0.034883720930232565,,,,,0.011627906976744186,,,,,,,,,,0.02325581395348837,,,,,,,,,,,,,,,0.011627906976744186,,,,,,,0.02325581395348837,,,,,,,,0.011627906976744186,,,,,,,,,,,,0.011627906976744186,,,,,,,,,,0.011627906976744186,,0.034883720930232565,,,,,,,,,0.06976744186046513,,0.034883720930232565,,,,,,,,,,0.011627906976744186,,,,,,,,0.09302325581395347,0.011627906976744186,,,,,,,,,,,,,,,,,,,,,,,,,,,,,0.011627906976744186,,0.02325581395348837,,,,,,,,,,,,0.011627906976744186,,,,,,,,,,,,,,,,,,,0.011627906976744186,,,,,,,,0.034883720930232565,,,,,,,,,,,,0.034883720930232565,,,,,,,,,0.1511627906976744,,,,,,,,,,,0.011627906976744186,,0.011627906976744186,,,,,,,,,,0.011627906976744186,,,,,,0.011627906976744186,,0.011627906976744186,,,,,,,0.011627906976744186,,,,,,,,,,,,0.011627906976744186,,0.011627906976744186,,,,,0.02325581395348837,,,,,,,,,0.011627906976744186,,,,,,,,,,0.011627906976744186,0.011627906976744186,,,,,,5,,0.011627906976744186,,,,,,0.011627906976744186,,,0.011627906976744186,,,,
16,Nottingham Trent University,,,,,,,,,,0.00641025641025641,,,0.00641025641025641,,,,,,0.003205128205128205,,0.003205128205128205,,0.05128205128205128,0.003205128205128205,,,0.003205128205128205,,0.003205128205128205,,,,,,,0.009615384615384616,,,0.003205128205128205,,,,0.00641025641025641,0.003205128205128205,,,0.003205128205128205,0.009615384615384616,,,0.00641025641025641,,,,,0.04166666666666666,,,,0.003205128205128205,,0.003205128205128205,,,,,,,,0.009615384615384616,,,,0.003205128205128205,,,0.009615384615384616,0.05128205128205128,0.003205128205128205,0.00641025641025641,,,,,,0.003205128205128205,,,,,0.00641025641025641,,0.003205128205128205,0.003205128205128205,0.003205128205128205,,0.003205128205128205,0.003205128205128205,,,,,0.003205128205128205,0.003205128205128205,0.00641025641025641,,0.003205128205128205,0.003205128205128205,,0.00641025641025641,,,,,0.003205128205128205,,,,,,,0.003205128205128205,0.02564102564102564,,,,0.003205128205128205,,0.003205128205128205,,0.003205128205128205,0.00641025641025641,0.003205128205128205,,,,,0.003205128205128205,0.009615384615384616,,,0.009615384615384616,,0.003205128205128205,,0.003205128205128205,0.00641025641025641,,0.003205128205128205,,,,,,0.003205128205128205,0.0576923076923077,0.01282051282051282,0.02243589743589744,,,,,0.003205128205128205,,,,,0.003205128205128205,0.003205128205128205,,,,0.00641025641025641,0.003205128205128205,,0.019230769230769232,,,0.003205128205128205,0.03205128205128205,,,,,0.01282051282051282,,0.00641025641025641,,,,,,,0.00641025641025641,,,,,0.003205128205128205,,,,,0.00641025641025641,,0.003205128205128205,,0.003205128205128205,,0.003205128205128205,0.003205128205128205,,,,,,,0.009615384615384616,,0.003205128205128205,,,0.00641025641025641,,,,,,0.00641025641025641,,,,,,,,,,0.003205128205128205,,,,,,,0.003205128205128205,0.03205128205128205,,,,,,,0.003205128205128205,,0.00641025641025641,0.003205128205128205,,0.019230769230769232,,,0.00641025641025641,,,0.003205128205128205,,,0.11858974358974354,,,0.003205128205128205,,,,,0.00641025641025641,,,,,0.00641025641025641,,,,0.003205128205128205,,,,,,0.016025641025641024,,,,,,0.00641025641025641,,,,,,,,,,0.003205128205128205,,,,,,,,,0.003205128205128205,,,,0.00641025641025641,0.003205128205128205,,,0.003205128205128205,0.035256410256410256,,,,,0.01282051282051282,0.003205128205128205,0.003205128205128205,,0.009615384615384616,0.00641025641025641,,,0.003205128205128205,,,,,,,,0.003205128205128205,,,0.00641025641025641,,6,,,,0.009615384615384616,,,,,0.003205128205128205,0.003205128205128205,,,,0.003205128205128205,
17,Imperial College London,,0.0016501650165016502,,,,,,,0.0033003300330033004,0.01155115511551155,0.0049504950495049506,0.0049504950495049506,0.0016501650165016502,0.0016501650165016502,0.0016501650165016502,,,,,0.0016501650165016502,0.028052805280528045,,0.0099009900990099,,,,0.00825082508250825,,0.0016501650165016502,,,0.0016501650165016502,,0.0016501650165016502,,0.01815181518151816,,0.01155115511551155,,0.0016501650165016502,,,0.00825082508250825,,,0.0033003300330033004,,0.0198019801980198,,,,,,,,0.0462046204620462,,0.0016501650165016502,,,0.0016501650165016502,0.0016501650165016502,,,,,,,0.0016501650165016502,0.0016501650165016502,,,,0.0016501650165016502,0.0165016501650165,0.0016501650165016502,0.00825082508250825,0.03300330033003298,,,,,,,,,,0.0016501650165016502,,,0.0049504950495049506,,0.0016501650165016502,,0.0049504950495049506,,,0.0016501650165016502,,,0.0016501650165016502,,0.01155115511551155,0.00825082508250825,0.0033003300330033004,,0.0016501650165016502,,,,,,0.0016501650165016502,,0.0049504950495049506,,0.0033003300330033004,,,0.0016501650165016502,0.0016501650165016502,0.0049504950495049506,0.0016501650165016502,,0.0016501650165016502,,0.006600660066006601,,,,,,0.0049504950495049506,,,,0.0016501650165016502,,0.026402640264026403,,,0.0016501650165016502,,0.0198019801980198,0.0049504950495049506,,0.0198019801980198,0.0016501650165016502,,0.0016501650165016502,,,,0.0033003300330033004,0.00825082508250825,0.00825082508250825,0.00825082508250825,0.0165016501650165,,,,,,0.0016501650165016502,,,0.0049504950495049506,0.0033003300330033004,,,,,,,,0.03630363036303631,0.0033003300330033004,,0.0198019801980198,0.01485148514851485,0.0016501650165016502,,0.0016501650165016502,,0.0198019801980198,0.0016501650165016502,0.0132013201320132,0.0016501650165016502,0.0016501650165016502,,0.01485148514851485,,,0.0016501650165016502,,0.0033003300330033004,0.0016501650165016502,,,,0.0033003300330033004,0.0016501650165016502,,0.0099009900990099,,0.0049504950495049506,,0.0049504950495049506,,,0.00825082508250825,0.0033003300330033004,,0.0049504950495049506,,0.0049504950495049506,,0.006600660066006601,,0.0033003300330033004,0.0033003300330033004,,0.0016501650165016502,,,0.0016501650165016502,,0.0016501650165016502,,0.0016501650165016502,,,,0.0016501650165016502,,0.0016501650165016502,,,,,,,,,,,0.03630363036303631,,,0.0049504950495049506,0.0016501650165016502,0.006600660066006601,,,,0.0033003300330033004,0.0016501650165016502,,0.0198019801980198,,0.0033003300330033004,0.01155115511551155,,,0.0016501650165016502,,,0.052805280528052806,,,,,,,0.0016501650165016502,,,,,,0.0165016501650165,,,0.0016501650165016502,,0.0016501650165016502,,,,0.0016501650165016502,0.006600660066006601,,0.0016501650165016502,0.0016501650165016502,0.0016501650165016502,,0.00825082508250825,0.0016501650165016502,0.0016501650165016502,0.0016501650165016502,,,,,,,0.0049504950495049506,0.0016501650165016502,,,,0.0049504950495049506,0.0033003300330033004,0.0016501650165016502,0.0016501650165016502,,0.0016501650165016502,,,0.0049504950495049506,,,0.0016501650165016502,,0.0099009900990099,0.0033003300330033004,,,,0.0049504950495049506,0.0033003300330033004,0.0049504950495049506,0.0016501650165016502,0.00825082508250825,0.01485148514851485,,0.0016501650165016502,,0.0016501650165016502,,0.006600660066006601,,,0.0033003300330033004,,,,,0.006600660066006601,,7,0.0049504950495049506,,0.0016501650165016502,,,0.0016501650165016502,,0.00825082508250825,0.0033003300330033004,,0.0049504950495049506,,0.006600660066006601,,0.0049504950495049506
18,University College London,0.0017094017094017096,0.0017094017094017096,,,,,,0.0017094017094017096,0.0034188034188034192,0.017094017094017096,0.008547008547008548,0.0034188034188034192,0.0017094017094017096,0.0017094017094017096,0.0017094017094017096,,,,0.0017094017094017096,0.0017094017094017096,0.02735042735042735,,0.011965811965811968,,,,0.008547008547008548,,0.005128205128205128,,,0.0017094017094017096,,0.0034188034188034192,,0.018803418803418803,,0.013675213675213677,,0.0017094017094017096,,,0.006837606837606839,0.005128205128205128,,,,0.017094017094017096,,,,,,,,0.030769230769230767,,0.008547008547008548,0.0017094017094017096,,0.0017094017094017096,,,,0.0017094017094017096,,,,0.0034188034188034192,,0.0017094017094017096,,0.0017094017094017096,,0.011965811965811968,0.0017094017094017096,0.015384615384615384,0.035897435897435895,,,,,,,,,,0.0034188034188034192,,,0.005128205128205128,,0.0017094017094017096,,0.0034188034188034192,,0.0017094017094017096,0.0017094017094017096,,0.0034188034188034192,,,0.006837606837606839,0.006837606837606839,0.0034188034188034192,,0.0017094017094017096,,,,0.0017094017094017096,,0.0017094017094017096,0.0017094017094017096,0.0017094017094017096,0.0034188034188034192,0.0017094017094017096,,,0.0017094017094017096,,0.005128205128205128,0.0034188034188034192,,,,0.0034188034188034192,0.0017094017094017096,0.0017094017094017096,,,0.0017094017094017096,0.0034188034188034192,0.0017094017094017096,0.0034188034188034192,,0.0017094017094017096,,0.018803418803418803,0.0017094017094017096,0.0034188034188034192,0.0034188034188034192,,0.015384615384615384,0.0034188034188034192,,0.011965811965811968,0.0017094017094017096,,,,,,0.0034188034188034192,0.005128205128205128,0.013675213675213677,0.0017094017094017096,0.011965811965811968,,0.0017094017094017096,,,,,,,0.0017094017094017096,0.005128205128205128,,,,,,,,0.05299145299145299,0.005128205128205128,,0.022222222222222227,0.011965811965811968,0.0017094017094017096,,,,0.015384615384615384,0.0017094017094017096,0.018803418803418803,,0.0017094017094017096,,0.011965811965811968,0.0017094017094017096,,0.0017094017094017096,0.0017094017094017096,0.0017094017094017096,,,,,0.0017094017094017096,0.0017094017094017096,,0.008547008547008548,,0.013675213675213677,,0.0034188034188034192,0.0017094017094017096,,0.0034188034188034192,,,0.006837606837606839,,0.005128205128205128,,0.005128205128205128,,0.0017094017094017096,0.0017094017094017096,,0.005128205128205128,,,,,0.0017094017094017096,,0.0017094017094017096,,,,0.0017094017094017096,,0.0017094017094017096,,,,,,,,,,0.0017094017094017096,0.022222222222222227,,,0.005128205128205128,0.0034188034188034192,0.0017094017094017096,,,,0.0017094017094017096,,,0.013675213675213677,,0.0017094017094017096,0.011965811965811968,0.0017094017094017096,,,,0.0017094017094017096,0.04615384615384616,,,,,,0.0017094017094017096,0.0017094017094017096,0.0017094017094017096,,,,,0.013675213675213677,,,,,0.0034188034188034192,,,0.0017094017094017096,0.005128205128205128,0.0017094017094017096,,0.008547008547008548,0.0017094017094017096,,,0.011965811965811968,0.0017094017094017096,,0.0034188034188034192,,,,,0.0017094017094017096,,0.0017094017094017096,0.0017094017094017096,,,0.0017094017094017096,0.005128205128205128,0.0034188034188034192,,,,,,,0.006837606837606839,,,0.008547008547008548,,0.005128205128205128,0.006837606837606839,,,,0.008547008547008548,0.0017094017094017096,0.0017094017094017096,,0.0034188034188034192,0.02393162393162393,,,,,,0.0034188034188034192,,,0.005128205128205128,0.0017094017094017096,,,,0.0034188034188034192,0.0017094017094017096,8,0.006837606837606839,,0.0017094017094017096,,,,0.0017094017094017096,0.011965811965811968,0.006837606837606839,,0.0017094017094017096,,0.005128205128205128,0.0017094017094017096,0.008547008547008548
19,King's College London,0.0018115942028985507,,,,,,,,0.005434782608695652,0.018115942028985508,0.009057971014492754,0.0036231884057971015,0.0036231884057971015,,,,,,0.0018115942028985507,0.0036231884057971015,0.016304347826086956,,0.007246376811594203,,,,0.018115942028985508,,0.005434782608695652,,,0.0036231884057971015,,0.0018115942028985507,,0.02355072463768116,,0.007246376811594203,,0.0018115942028985507,,,0.005434782608695652,0.014492753623188406,,,,0.012681159420289856,,,,,,0.0018115942028985507,,0.02717391304347826,,0.007246376811594203,0.0036231884057971015,,0.0018115942028985507,0.0018115942028985507,,,0.0018115942028985507,,,,0.0036231884057971015,,0.0018115942028985507,,0.0018115942028985507,0.0018115942028985507,0.012681159420289856,,0.016304347826086956,0.059782608695652176,,,,,,,,,,,,,0.0036231884057971015,,0.0036231884057971015,,0.005434782608695652,,0.0018115942028985507,0.0018115942028985507,,,0.0018115942028985507,,0.009057971014492754,0.009057971014492754,0.0018115942028985507,,,,,,,,,0.0018115942028985507,0.0036231884057971015,0.0036231884057971015,,0.0018115942028985507,,,0.0018115942028985507,0.0036231884057971015,0.0018115942028985507,,,,0.0018115942028985507,0.0018115942028985507,0.0018115942028985507,,,,0.005434782608695652,0.0018115942028985507,0.0036231884057971015,,,,0.012681159420289856,0.0018115942028985507,0.0018115942028985507,0.0018115942028985507,,0.016304347826086956,0.0036231884057971015,,0.007246376811594203,0.0018115942028985507,,0.0018115942028985507,,,,0.0036231884057971015,0.0036231884057971015,0.010869565217391304,0.0036231884057971015,0.014492753623188406,,,,,,,,,0.0036231884057971015,0.0036231884057971015,,,,,,,,0.06340579710144928,0.005434782608695652,,0.012681159420289856,0.014492753623188406,0.0036231884057971015,,,,0.016304347826086956,,0.012681159420289856,,0.0018115942028985507,,0.005434782608695652,,,0.0018115942028985507,,0.0018115942028985507,,,,,0.0036231884057971015,0.0036231884057971015,,0.007246376811594203,,0.014492753623188406,,0.0018115942028985507,0.0018115942028985507,,0.005434782608695652,,,0.0036231884057971015,,0.0036231884057971015,,0.0036231884057971015,,,0.0018115942028985507,,0.009057971014492754,,,,,0.005434782608695652,,,,,0.0018115942028985507,,,0.005434782608695652,,,,,,,,,,0.0018115942028985507,0.02717391304347826,,,0.0036231884057971015,0.005434782608695652,,0.0018115942028985507,,,0.0018115942028985507,0.0018115942028985507,,0.019927536231884056,,,0.014492753623188406,,,0.0018115942028985507,,0.0018115942028985507,0.043478260869565216,,,,,0.0018115942028985507,0.0018115942028985507,,,,,,,0.010869565217391304,,,,,0.0018115942028985507,,,0.0018115942028985507,0.0036231884057971015,,,0.009057971014492754,,0.0018115942028985507,,0.012681159420289856,0.0036231884057971015,,0.0018115942028985507,0.0018115942028985507,,,,,,0.0018115942028985507,0.0018115942028985507,,,0.0018115942028985507,0.005434782608695652,0.0036231884057971015,,,,,,,0.007246376811594203,,0.0018115942028985507,0.009057971014492754,,0.0036231884057971015,0.005434782608695652,,,,0.009057971014492754,0.0018115942028985507,0.0018115942028985507,,,0.028985507246376805,,,,,,0.0018115942028985507,,,0.005434782608695652,0.0018115942028985507,,,,0.0018115942028985507,0.0018115942028985507,9,0.0018115942028985507,,0.007246376811594203,,,,0.0018115942028985507,0.012681159420289856,0.0036231884057971015,,0.005434782608695652,0.0018115942028985507,0.0036231884057971015,,0.0036231884057971015
20,London School of Economics and Political Science,0.0017825311942959,,,0.0017825311942959,,,,0.0017825311942959,0.0053475935828877,0.0196078431372549,0.0106951871657754,0.0035650623885918,0.0035650623885918,,,,,,0.0017825311942959,0.0035650623885918,0.023172905525846704,,0.008912655971479501,,,,0.0142602495543672,,0.0035650623885918,,,0.0035650623885918,,0.0017825311942959,,0.023172905525846704,0.0017825311942959,0.0106951871657754,,,,,0.0071301247771836,0.0124777183600713,,,,0.0142602495543672,,,,,,0.0017825311942959,,0.024955436720142603,,0.0071301247771836,0.0035650623885918,,0.0017825311942959,,,,0.0017825311942959,,,,0.0035650623885918,,0.0017825311942959,,0.0017825311942959,0.0017825311942959,0.0124777183600713,,0.0196078431372549,0.053475935828877004,,,,,,,,,,,,,0.0035650623885918,,0.0017825311942959,,0.0053475935828877,,,0.0017825311942959,,,0.0017825311942959,,0.0124777183600713,0.008912655971479501,0.0017825311942959,,,,,,,,,0.0017825311942959,0.0053475935828877,0.0017825311942959,0.0017825311942959,0.0017825311942959,,,,0.0053475935828877,0.0017825311942959,,,,0.0017825311942959,0.0017825311942959,0.0017825311942959,,,0.0017825311942959,0.0035650623885918,0.0017825311942959,0.0035650623885918,,0.0017825311942959,,0.0142602495543672,0.0017825311942959,0.0035650623885918,0.0035650623885918,,0.016042780748663103,0.0017825311942959,,0.0106951871657754,0.0017825311942959,0.0017825311942959,0.0017825311942959,,,,0.0035650623885918,0.0035650623885918,0.0142602495543672,0.0035650623885918,0.0106951871657754,,,,,,,,,0.0035650623885918,0.0035650623885918,,,,,,,,0.0570409982174688,0.0035650623885918,,0.0106951871657754,0.0142602495543672,0.0017825311942959,,,,0.017825311942959002,,0.0124777183600713,,0.0017825311942959,,0.0053475935828877,,0.0017825311942959,0.0017825311942959,,0.0017825311942959,,,,,0.0017825311942959,0.0017825311942959,,0.0053475935828877,0.0017825311942959,0.0124777183600713,,0.0035650623885918,0.0017825311942959,,0.0053475935828877,,0.0017825311942959,0.0035650623885918,,0.0035650623885918,,0.0053475935828877,,,0.0017825311942959,,0.0071301247771836,,,,,0.0017825311942959,,0.0017825311942959,,,,,,0.0053475935828877,,0.0017825311942959,,,,,,,0.0017825311942959,0.0017825311942959,0.024955436720142603,,,0.0053475935828877,0.0035650623885918,,,,,0.0017825311942959,,,0.0196078431372549,,,0.016042780748663103,,,0.0017825311942959,,0.0017825311942959,0.0481283422459893,,,,,,0.0017825311942959,,,,,,,0.0106951871657754,,,,,0.0053475935828877,,,0.0017825311942959,0.0017825311942959,,0.0017825311942959,0.0124777183600713,,0.0017825311942959,,0.0124777183600713,0.0017825311942959,,0.0017825311942959,0.0017825311942959,,,,,,0.0017825311942959,0.0017825311942959,,,0.0017825311942959,0.0053475935828877,0.0035650623885918,,,,,,,0.0106951871657754,,,0.0071301247771836,,0.0035650623885918,0.0053475935828877,,,,0.0106951871657754,0.0017825311942959,0.0017825311942959,,,0.024955436720142603,,,,,,0.0017825311942959,,,0.0053475935828877,0.0017825311942959,,,,0.0017825311942959,0.0017825311942959,0,0.0017825311942959,,0.0071301247771836,,,,0.0017825311942959,0.0124777183600713,0.0035650623885918,,0.0053475935828877,,0.0035650623885918,,0.0035650623885918
21,"Queen Mary, University of London",,,,,,,0.0018382352941176468,0.0018382352941176468,0.007352941176470587,0.011029411764705885,,,0.0036764705882352936,0.0018382352941176468,0.0018382352941176468,,,,0.0018382352941176468,0.0036764705882352936,0.02205882352941177,,0.02389705882352941,,,,0.014705882352941175,,0.0036764705882352936,,,0.0036764705882352936,,0.005514705882352942,,0.009191176470588236,,,,0.0018382352941176468,,0.0018382352941176468,0.005514705882352942,0.018382352941176468,,,,0.012867647058823529,,,,,,0.007352941176470587,,0.05147058823529412,,0.005514705882352942,0.005514705882352942,,,,,,0.0018382352941176468,0.0018382352941176468,,,0.0018382352941176468,,0.0018382352941176468,0.0018382352941176468,0.0018382352941176468,0.0036764705882352936,0.0036764705882352936,,0.0275735294117647,0.06985294117647059,,,,,,,,,,,,,,,,,,0.0018382352941176468,0.0018382352941176468,,,,,,0.009191176470588236,0.0018382352941176468,0.0018382352941176468,0.0018382352941176468,0.0036764705882352936,,0.0018382352941176468,,0.0036764705882352936,,0.0018382352941176468,0.0018382352941176468,0.005514705882352942,,0.005514705882352942,0.0018382352941176468,,0.0018382352941176468,0.005514705882352942,0.009191176470588236,,,,,0.0036764705882352936,0.0018382352941176468,0.0036764705882352936,,,0.0018382352941176468,0.0018382352941176468,0.0018382352941176468,0.0036764705882352936,,,,0.005514705882352942,0.0018382352941176468,0.0036764705882352936,0.0036764705882352936,,0.005514705882352942,0.0018382352941176468,,0.005514705882352942,,0.0018382352941176468,0.005514705882352942,,,0.0018382352941176468,,,0.009191176470588236,0.007352941176470587,0.02205882352941177,,,,0.0018382352941176468,,,0.0018382352941176468,,0.005514705882352942,0.0036764705882352936,,,0.0018382352941176468,,,,,0.03125,,,0.005514705882352942,0.0036764705882352936,0.0036764705882352936,0.0018382352941176468,,,0.02022058823529412,,0.007352941176470587,,,,,,,,,,,,,0.0018382352941176468,0.0018382352941176468,,,0.0036764705882352936,,0.009191176470588236,,0.0036764705882352936,,,0.005514705882352942,,,0.005514705882352942,,,,0.005514705882352942,,0.0018382352941176468,0.0018382352941176468,,0.0036764705882352936,0.0018382352941176468,,0.005514705882352942,,0.0018382352941176468,,,,,,,,0.0018382352941176468,,0.0018382352941176468,,0.0018382352941176468,,,,,,0.0018382352941176468,0.04411764705882353,,,,0.0018382352941176468,,,,,,,0.0018382352941176468,0.014705882352941175,,0.0018382352941176468,0.007352941176470587,0.0036764705882352936,,0.0018382352941176468,,0.0018382352941176468,0.09375,,,,,0.0036764705882352936,0.0036764705882352936,,,,,,,0.012867647058823529,,,,,0.007352941176470587,,,,0.0018382352941176468,0.0018382352941176468,,0.011029411764705885,,,,0.005514705882352942,,0.0036764705882352936,,,,,,,,,0.0018382352941176468,,,,0.0018382352941176468,0.005514705882352942,0.0018382352941176468,0.0018382352941176468,0.0018382352941176468,,0.0018382352941176468,,0.0018382352941176468,,,0.009191176470588236,,0.0036764705882352936,0.007352941176470587,,0.0018382352941176468,,0.005514705882352942,,,,0.0036764705882352936,0.009191176470588236,,,,0.0018382352941176468,,0.0018382352941176468,,,0.009191176470588236,,,,,0.014705882352941175,0.0018382352941176468,1,0.0036764705882352936,,0.011029411764705885,,,,0.0018382352941176468,0.011029411764705885,0.009191176470588236,0.0018382352941176468,,,0.0018382352941176468,,
22,University of Manchester,0.0024630541871921183,,,0.0049261083743842365,0.0024630541871921183,,,,,0.0049261083743842365,,0.0049261083743842365,0.014778325123152709,0.0024630541871921183,0.0024630541871921183,,,,0.0024630541871921183,,0.0049261083743842365,,0.061576354679802964,,,0.0024630541871921183,0.009852216748768471,,0.0024630541871921183,,,,,0.0024630541871921183,,0.007389162561576354,,,,,,0.0024630541871921183,,0.007389162561576354,,,,0.007389162561576354,,,,,,0.0024630541871921183,,0.04433497536945813,,,,,,,,,,,,,0.0024630541871921183,0.009852216748768471,0.0024630541871921183,,,0.0024630541871921183,,,0.019704433497536943,0.04926108374384237,0.0024630541871921183,,,,,,,0.0024630541871921183,,0.0024630541871921183,,,0.009852216748768471,,0.0024630541871921183,,,,,0.0049261083743842365,,0.0024630541871921183,,,0.014778325123152709,0.0024630541871921183,0.007389162561576354,,,0.007389162561576354,,0.0024630541871921183,,,0.0049261083743842365,,0.0024630541871921183,0.0024630541871921183,0.0024630541871921183,,,0.007389162561576354,,0.0049261083743842365,0.0024630541871921183,,,0.0024630541871921183,0.007389162561576354,0.0024630541871921183,,,,0.0024630541871921183,0.0024630541871921183,,,,,,,0.0024630541871921183,,,,,,,0.007389162561576354,,,,0.0024630541871921183,,,0.0024630541871921183,0.0024630541871921183,0.022167487684729058,0.0024630541871921183,0.019704433497536943,,0.0049261083743842365,0.0049261083743842365,,,,,,,0.0024630541871921183,,,,,0.009852216748768471,0.0024630541871921183,,0.027093596059113302,,,0.0024630541871921183,0.04433497536945813,,,,,0.024630541871921183,,0.0049261083743842365,0.0024630541871921183,,,0.0024630541871921183,,,0.0024630541871921183,0.0024630541871921183,0.0024630541871921183,0.0024630541871921183,,,,,0.0049261083743842365,,,,0.0049261083743842365,,0.0024630541871921183,,0.0024630541871921183,0.022167487684729058,,,,,0.0024630541871921183,,0.0024630541871921183,,0.0024630541871921183,0.007389162561576354,,0.009852216748768471,,,0.0024630541871921183,,,,,,,,,,,,,,,,,,,,,0.03448275862068965,,0.0024630541871921183,,,0.0049261083743842365,,,,,0.0024630541871921183,,0.019704433497536943,,,0.012315270935960592,0.0024630541871921183,,0.0049261083743842365,,,0.08374384236453201,,,,,0.0024630541871921183,0.007389162561576354,,,,,,,0.014778325123152709,,,,0.0024630541871921183,,,,,,0.014778325123152709,,,0.0024630541871921183,,,,,0.0024630541871921183,,,,,,,0.0024630541871921183,0.007389162561576354,,,0.0024630541871921183,,,0.0049261083743842365,0.0024630541871921183,0.0024630541871921183,0.0024630541871921183,,,0.0024630541871921183,0.0049261083743842365,,,,,0.012315270935960592,0.0024630541871921183,,,0.0024630541871921183,0.0049261083743842365,0.014778325123152709,0.0049261083743842365,,0.007389162561576354,0.007389162561576354,,,0.0024630541871921183,,,0.0024630541871921183,,0.0049261083743842365,,,,,,0.007389162561576354,,2,0.009852216748768471,,0.0024630541871921183,,,,,0.007389162561576354,,,0.0024630541871921183,,,,
23,University of Liverpool,,,,0.008152173913043478,,,,,,0.002717391304347826,0.005434782608695652,,0.005434782608695652,0.002717391304347826,,,0.002717391304347826,,,0.002717391304347826,0.008152173913043478,,0.04076086956521738,,,,0.008152173913043478,0.002717391304347826,,,,,,0.002717391304347826,0.002717391304347826,0.005434782608695652,0.002717391304347826,,0.002717391304347826,,,0.005434782608695652,,0.002717391304347826,,,,0.010869565217391304,,,,,,,,0.03260869565217391,,,,,,0.002717391304347826,,,,,,,,0.01358695652173913,,0.005434782608695652,,,0.008152173913043478,,0.010869565217391304,0.07065217391304347,,,,,,,,,,0.002717391304347826,,,0.002717391304347826,,0.002717391304347826,,,,,,,,,,0.005434782608695652,0.005434782608695652,,,0.002717391304347826,0.03260869565217391,,0.002717391304347826,,0.002717391304347826,0.002717391304347826,,0.010869565217391304,,,,,,,,0.03804347826086957,,,,0.002717391304347826,,,,,0.002717391304347826,0.002717391304347826,,,,,,,0.002717391304347826,,0.002717391304347826,,0.005434782608695652,,0.005434782608695652,0.002717391304347826,,0.002717391304347826,,,,,,0.002717391304347826,0.059782608695652176,0.010869565217391304,0.005434782608695652,,,,,0.002717391304347826,,,,0.008152173913043478,0.010869565217391304,,,,,,0.005434782608695652,0.002717391304347826,0.03260869565217391,,,,0.010869565217391304,0.002717391304347826,,,,0.019021739130434784,,,,,,0.002717391304347826,0.002717391304347826,,,,,,,,,,,,0.002717391304347826,0.002717391304347826,,,,,0.008152173913043478,0.008152173913043478,0.002717391304347826,,0.002717391304347826,,,,0.002717391304347826,,,0.002717391304347826,,0.008152173913043478,,,,,0.002717391304347826,,,,,,,,,0.002717391304347826,0.005434782608695652,,,,,,,,,0.029891304347826088,,,0.002717391304347826,,,,,,0.01358695652173913,,,0.019021739130434784,,0.002717391304347826,0.002717391304347826,0.002717391304347826,,,,,0.1032608695652174,0.002717391304347826,,,,,,,,,,,,0.02717391304347826,,0.002717391304347826,,0.002717391304347826,,,,,,0.021739130434782608,,0.002717391304347826,,,0.002717391304347826,0.002717391304347826,,0.002717391304347826,,,,,,,0.002717391304347826,0.010869565217391304,,,0.002717391304347826,,,0.002717391304347826,,0.008152173913043478,,,0.002717391304347826,,0.010869565217391304,,,,,0.02445652173913044,,,,,0.005434782608695652,0.002717391304347826,,,0.002717391304347826,0.002717391304347826,,,,,,,,,,0.005434782608695652,,,,0.005434782608695652,,3,0.005434782608695652,0.002717391304347826,,0.010869565217391304,,0.002717391304347826,,0.002717391304347826,,,,,,,
24,Lancaster University,,,,,,,,,,,,,0.0078125,0.0078125,,,,,,,0.0078125,,0.0234375,,,,,,,,,,,,,0.0234375,,,,,,,,0.0078125,,,,0.0078125,0.0078125,,,0.0078125,,,,0.0234375,,,,,,,,,0.0078125,,,,,0.015625,,,,,0.0234375,,,0.0390625,0.0078125,0.015625,,,,,,,,,,,,,0.015625,,,,,,,,,,0.0078125,,,,,0.0078125,,0.0078125,,,0.0234375,,0.0078125,,,,,,,,0.0234375,,,,0.0234375,,,,,0.0078125,,,,,,,0.0078125,,,0.015625,,,0.0078125,0.0078125,0.015625,,,,,0.0078125,,0.0078125,,0.0078125,0.0078125,0.0078125,,,,0.0234375,,0.0078125,,,,,,,,,,,,0.03125,,,,0.03125,0.0078125,,,,0.0078125,,,,,,0.0078125,,,,,,,,,,,,,,,,,,,,,,,,,,,,,,0.0078125,,,,,,,,,,,,,,,,,,,,,,,,,,0.0078125,,,,0.0078125,,,,0.0078125,0.0078125,,,0.0234375,,,0.0078125,,,,,,0.2109375,,,,,,,,,0.0078125,,,0.0078125,0.0078125,,,,,,,,,,0.03125,,0.0078125,,,,,,,,,,,,,0.0078125,,,,,,,,,,,,,0.0078125,,,,,,0.03125,,,,,,,,,0.0078125,0.0078125,,,,,,,,,,,,,,,,4,0.0078125,0.0078125,,,,,,,,,0.0078125,,,,
25,University of Sheffield,,,,,,,,,,0.0038314176245210726,,,,,,,,,0.0038314176245210726,0.0038314176245210726,0.011494252873563218,,0.0421455938697318,,,,0.0038314176245210726,,0.007662835249042145,,,,,0.0038314176245210726,,0.0038314176245210726,0.0038314176245210726,,0.0038314176245210726,,,,0.0038314176245210726,,,,,0.011494252873563218,0.011494252873563218,,,0.0038314176245210726,,,,0.06130268199233716,,,,0.0038314176245210726,,,,,,,,,,0.007662835249042145,,,,0.011494252873563218,0.0038314176245210726,,0.007662835249042145,0.06130268199233716,,,,,,,,,,,,,0.007662835249042145,,0.0038314176245210726,,0.0038314176245210726,,,,0.0038314176245210726,,,,0.0038314176245210726,0.0038314176245210726,,,,0.0038314176245210726,,,,,,,0.007662835249042145,,,,,0.0038314176245210726,0.011494252873563218,,0.007662835249042145,,,,0.011494252873563218,,,,0.0038314176245210726,0.0038314176245210726,0.007662835249042145,,,0.0038314176245210726,,,0.007662835249042145,,0.007662835249042145,,,0.007662835249042145,0.007662835249042145,,0.011494252873563218,,,,,0.007662835249042145,,,0.0038314176245210726,0.05363984674329502,,0.02298850574712644,,,,,,,,,,0.0038314176245210726,0.0038314176245210726,0.0038314176245210726,,,,,,0.01532567049808429,,,,0.019157088122605363,0.0038314176245210726,,,,0.0038314176245210726,,0.0038314176245210726,,,,,,,,0.0038314176245210726,,,,,,,0.007662835249042145,,,,,,0.0038314176245210726,,0.007662835249042145,,,,,,,,0.007662835249042145,,0.0038314176245210726,0.0038314176245210726,0.0038314176245210726,0.0038314176245210726,,,,0.0038314176245210726,,0.007662835249042145,,,,,,,,,,,,,,,,,,0.05363984674329502,,,,,,,,,,,,0.02681992337164751,,,,,,0.0038314176245210726,,,0.1724137931034483,,,,0.0038314176245210726,,,0.0038314176245210726,,,,,,0.0038314176245210726,,,,,,,,,,0.007662835249042145,,,,,,,,,,,,,,,,0.0038314176245210726,,0.0038314176245210726,,,,,,,,,,,,,,,,0.02681992337164751,0.011494252873563218,0.0038314176245210726,,,,,,,0.007662835249042145,0.011494252873563218,,,,,,,,,0.0038314176245210726,,0.007662835249042145,,,0.011494252873563218,,5,0.0038314176245210726,,0.007662835249042145,0.0038314176245210726,,,,,,,,,,,
26,University of Leeds,,,,,,,,,,0.00906344410876133,,,0.006042296072507553,0.006042296072507553,,,,,0.006042296072507553,,,,0.0755287009063444,,,,0.00906344410876133,,0.00906344410876133,,,,,,,0.006042296072507553,,,0.0030211480362537764,,,0.0030211480362537764,,0.006042296072507553,,,,0.012084592145015106,,,,0.0030211480362537764,,,,0.05438066465256797,,,,,,0.0030211480362537764,,,,,0.0030211480362537764,,,,0.0030211480362537764,,,,0.006042296072507553,,0.015105740181268885,0.0755287009063444,,0.0030211480362537764,,,,,,,,,,,,,0.0030211480362537764,,,,,0.0030211480362537764,0.0030211480362537764,,,0.0030211480362537764,0.015105740181268885,0.006042296072507553,,,0.0030211480362537764,0.0030211480362537764,,,,,0.0030211480362537764,,0.00906344410876133,,,,,,0.0030211480362537764,,0.012084592145015106,,,,0.012084592145015106,,,,0.0030211480362537764,0.006042296072507553,,,,,,,,,,0.006042296072507553,,,,,0.0030211480362537764,,,,,0.006042296072507553,,,0.0030211480362537764,0.03625377643504532,0.006042296072507553,0.027190332326283987,0.006042296072507553,,,,0.0030211480362537764,,,,0.0030211480362537764,0.006042296072507553,,,,,,,,0.01812688821752266,,0.0030211480362537764,0.0030211480362537764,0.015105740181268885,0.0030211480362537764,,,,0.02114803625377644,,0.0030211480362537764,,,0.0030211480362537764,,,,,,,,,,,,,,0.00906344410876133,,0.0030211480362537764,,0.0030211480362537764,,0.006042296072507553,0.00906344410876133,,,,0.0030211480362537764,,0.0030211480362537764,0.006042296072507553,,,0.0030211480362537764,,0.012084592145015106,,,,,0.006042296072507553,,,,,,,,,,,,,,0.0030211480362537764,,,,,0.015105740181268885,,,,,,,,0.0030211480362537764,0.015105740181268885,0.0030211480362537764,,0.01812688821752266,,,0.006042296072507553,,0.0030211480362537764,0.0030211480362537764,,,0.09063444108761327,,,,,,0.0030211480362537764,,,,,,,0.015105740181268885,,,0.0030211480362537764,,,,0.0030211480362537764,,,0.01812688821752266,,,0.0030211480362537764,,,,,0.00906344410876133,0.006042296072507553,,,,,,0.0030211480362537764,,,,,,,,0.0030211480362537764,,,,0.0030211480362537764,,0.006042296072507553,,,,0.0030211480362537764,0.05740181268882175,0.006042296072507553,,,,,,,,0.027190332326283987,0.006042296072507553,,,,,,0.006042296072507553,,,,0.0030211480362537764,,,0.0030211480362537764,,,6,,,,0.0030211480362537764,,,,,0.0030211480362537764,,,,,0.0030211480362537764,
27,University of York,,,,,,,,,,,,0.0046296296296296285,0.0046296296296296285,,,,,,,0.0046296296296296285,0.0046296296296296285,,0.04166666666666666,,,0.0046296296296296285,0.009259259259259259,,0.0046296296296296285,,,,,,,0.009259259259259259,,0.0046296296296296285,,,,,,0.0046296296296296285,,,,0.0046296296296296285,,,,0.023148148148148147,,,,0.07407407407407407,,,,0.0046296296296296285,,,,,0.0046296296296296285,,,,0.0046296296296296285,,0.0046296296296296285,0.0046296296296296285,,,0.018518518518518517,,0.009259259259259259,0.04166666666666666,,,,,,,0.0046296296296296285,,,,,,0.0046296296296296285,,0.013888888888888888,,,,,,,0.0046296296296296285,,,,0.009259259259259259,0.0046296296296296285,,0.0046296296296296285,,,,,0.0046296296296296285,,,0.009259259259259259,,,,,,,,,,,,0.0046296296296296285,,,,,,,,,,,,0.013888888888888888,,,0.0046296296296296285,,0.0046296296296296285,0.0046296296296296285,0.0046296296296296285,0.009259259259259259,,,,,,,,,0.04629629629629629,,0.0046296296296296285,,,,,,,,,0.037037037037037035,0.0046296296296296285,,,,,,0.0046296296296296285,,0.06481481481481481,,,0.0046296296296296285,0.018518518518518517,,,,,0.023148148148148147,,,,,,,,,,,,,,,,,,,,,0.0046296296296296285,,,,,,,0.0046296296296296285,0.0046296296296296285,,0.0046296296296296285,,0.0046296296296296285,,,0.009259259259259259,,,,,,,,,,,,,,,,,,,0.0046296296296296285,0.0046296296296296285,,,,,,0.013888888888888888,,,,,,,,,,,,0.018518518518518517,,,0.018518518518518517,,,,0.0046296296296296285,,0.1527777777777778,,,0.0046296296296296285,0.0046296296296296285,,,,,,,,,0.013888888888888888,,,,,,,,,,0.023148148148148147,,,0.0046296296296296285,,,,,0.0046296296296296285,,,,,,,0.0046296296296296285,0.0046296296296296285,,,,,,,,0.0046296296296296285,,,,,,,,,,0.013888888888888888,,,,,0.009259259259259259,0.009259259259259259,,,0.009259259259259259,,,0.0046296296296296285,,,,0.009259259259259259,,,0.0046296296296296285,0.0046296296296296285,,,,,,7,0.0046296296296296285,,,,,,,0.0046296296296296285,,,,,,,
28,Durham University,,,,,,,,,,,,,0.022727272727272728,0.007575757575757577,,,,,,,0.007575757575757577,,0.030303030303030307,,,,,,,,,,,,,0.007575757575757577,0.007575757575757577,,,,,,,,,,,0.015151515151515154,,,0.015151515151515154,,,,,0.045454545454545456,,,,,,,,,0.007575757575757577,,,,,0.007575757575757577,,0.007575757575757577,,,0.007575757575757577,,0.015151515151515154,0.07575757575757576,,,,,0.007575757575757577,,,,,,,,,,,,,,,,,,,,,0.007575757575757577,,,,0.007575757575757577,,0.007575757575757577,,,0.007575757575757577,,0.007575757575757577,,,,,,,,0.007575757575757577,,,,0.015151515151515154,,0.007575757575757577,,,,,,,,,,,,,,,0.007575757575757577,,0.007575757575757577,,,,,,,,,,0.045454545454545456,0.007575757575757577,,0.007575757575757577,,,,0.007575757575757577,,,,,0.007575757575757577,,,,,,,,0.06818181818181818,,,,0.022727272727272728,,,,,0.03787878787878788,,,,,,,,,,,,,,,,,,,0.007575757575757577,,0.007575757575757577,,,,0.007575757575757577,0.007575757575757577,,,,,,,0.007575757575757577,,,,,,,,,,,,,,,,,,,,,,,,,,,,,0.007575757575757577,,,,,,,,0.015151515151515154,0.015151515151515154,,,0.022727272727272728,0.007575757575757577,0.007575757575757577,0.015151515151515154,,,,,,0.09848484848484848,0.007575757575757577,,,,,,,,,,,0.007575757575757577,0.022727272727272728,,,,,,0.007575757575757577,,,,0.015151515151515154,,,,,,,,,,0.007575757575757577,,,,,,,,,,,,,,0.007575757575757577,,,,0.022727272727272728,,,,,0.007575757575757577,0.03787878787878788,,,,,,0.015151515151515154,,,0.007575757575757577,,,,,,,,,,,0.007575757575757577,,,,,,8,,,,0.015151515151515154,,,,,,,0.007575757575757577,,,,
29,Newcastle University,,,,0.002717391304347826,,,,,,0.005434782608695652,,,0.008152173913043478,0.005434782608695652,,,,,,,0.016304347826086956,,0.035326086956521736,,,0.002717391304347826,0.008152173913043478,,,,0.002717391304347826,,,,,0.002717391304347826,,,0.002717391304347826,,,,,0.005434782608695652,,0.005434782608695652,,0.010869565217391304,0.005434782608695652,,,0.002717391304347826,,,,0.04619565217391304,,,,,,0.002717391304347826,,,,,,,,0.008152173913043478,0.002717391304347826,,,0.002717391304347826,0.008152173913043478,,0.01358695652173913,0.051630434782608696,,,,0.002717391304347826,,,,0.002717391304347826,,0.002717391304347826,,,0.002717391304347826,,,,,,,,,,,0.002717391304347826,0.010869565217391304,0.005434782608695652,,,,0.010869565217391304,,0.002717391304347826,,,0.005434782608695652,,0.008152173913043478,,,,,,0.002717391304347826,,0.019021739130434784,0.002717391304347826,,,,,,,,0.002717391304347826,,,,,,,,0.002717391304347826,,0.016304347826086956,,,,0.002717391304347826,0.005434782608695652,0.008152173913043478,,,0.002717391304347826,0.008152173913043478,,0.002717391304347826,0.002717391304347826,0.04619565217391304,0.010869565217391304,0.016304347826086956,0.002717391304347826,,,,0.002717391304347826,,,,,,,,,,0.002717391304347826,,,0.035326086956521736,,,0.002717391304347826,0.02445652173913044,0.005434782608695652,,,,0.02717391304347826,,0.008152173913043478,,,,0.002717391304347826,,,,,,0.002717391304347826,,0.008152173913043478,,,0.002717391304347826,,0.005434782608695652,,0.002717391304347826,,0.002717391304347826,,0.002717391304347826,0.008152173913043478,,,,,,,,0.002717391304347826,0.002717391304347826,0.002717391304347826,,0.005434782608695652,,,,,0.002717391304347826,0.002717391304347826,,,,,0.002717391304347826,0.002717391304347826,,,,0.002717391304347826,,,,,,,,0.02445652173913044,,,,0.002717391304347826,0.002717391304347826,,,0.008152173913043478,0.005434782608695652,,,0.02717391304347826,,,,,0.002717391304347826,0.005434782608695652,,,0.08967391304347826,,,,,,,,,0.002717391304347826,,,,0.005434782608695652,,,,,,,,,,0.019021739130434784,0.002717391304347826,,0.005434782608695652,,,0.002717391304347826,,0.01358695652173913,0.005434782608695652,,,,,,,0.005434782608695652,,,,,,,,0.002717391304347826,0.002717391304347826,,0.002717391304347826,0.002717391304347826,0.002717391304347826,,,,0.002717391304347826,0.05434782608695652,0.008152173913043478,,,,,0.005434782608695652,0.002717391304347826,,0.002717391304347826,0.005434782608695652,,,,,,0.005434782608695652,0.002717391304347826,,,,,,,0.005434782608695652,,9,0.005434782608695652,,,0.008152173913043478,,,,,,,,,,0.002717391304347826,
